feature,importance
cp,0.1114716185105107
ca,0.10520388265725825
thal,0.07642425965003165
oldpeak,0.07427557051271046
thalach,0.053028509022922284
slope,0.04858625257650858
exang,0.04661679716396921
sex,0.03914036085910599
age,0.033806477349095934
chol,0.02464286282900814
trestbps,0.019550366234574245
restecg,0.014526692483656508
fbs,0.003089468930891332
