feature,importance
cp,1.2563490867614746
ca,1.1869956254959106
oldpeak,0.8887993693351746
thal,0.788020670413971
sex,0.494342565536499
slope,0.43095120787620544
thalach,0.3997800052165985
chol,0.36974814534187317
age,0.3678039014339447
exang,0.2375280261039734
trestbps,0.2030590921640396
restecg,0.1641351282596588
fbs,0.036933157593011856
