best_model,accuracy,precision,recall,f1,roc_auc
Random Forest,0.9804878048780488,0.9809523809523809,0.9809523809523809,0.9809523809523809,0.9954285714285713
