{
  "patient_id": "P0002",
  "demographics": {
    "age": 59,
    "sex": "Male"
  },
  "clinical_features": {
    "chest_pain_type": "typical angina",
    "resting_blood_pressure": 164,
    "serum_cholesterol": 176,
    "fasting_blood_sugar": "High (>120 mg/dl)",
    "resting_ecg": "normal",
    "max_heart_rate": 90,
    "exercise_induced_angina": "No",
    "st_depression": 1.0,
    "st_slope": "flat",
    "number_of_vessels": 2,
    "thalassemia": "normal"
  },
  "predictions": {
    "random_forest": {
      "prediction": "Low CVD Risk",
      "confidence": 0.99,
      "feature_importance": {
        "cp": 0.1114716185105107,
        "ca": 0.1052038826572582,
        "thal": 0.0764242596500316,
        "oldpeak": 0.0742755705127104,
        "thalach": 0.0530285090229222,
        "slope": 0.0485862525765085,
        "exang": 0.0466167971639692,
        "sex": 0.0391403608591059,
        "age": 0.0338064773490959,
        "chol": 0.0246428628290081,
        "trestbps": 0.0195503662345742,
        "restecg": 0.0145266924836565,
        "fbs": 0.0030894689308913
      },
      "shap_values": {
        "age": -0.04394689436461984,
        "sex": -0.026791607912032275,
        "cp": -0.10833018035856092,
        "trestbps": -0.02558870278756279,
        "chol": 0.017927744005448026,
        "fbs": -0.007398320385982692,
        "restecg": -0.027951373725729756,
        "thalach": -0.06581363680159066,
        "exang": 0.02920013567360413,
        "oldpeak": -0.035521403484914664,
        "slope": -0.049450786772569644,
        "ca": -0.1635144236287891,
        "thal": 0.019062361935705298
      }
    },
    "xgboost": {
      "prediction": "Low CVD Risk",
      "confidence": 0.9943408966064453,
      "feature_importance": {
        "cp": 1.2563490867614746,
        "ca": 1.1869956254959106,
        "oldpeak": 0.8887993693351746,
        "thal": 0.788020670413971,
        "sex": 0.494342565536499,
        "slope": 0.4309512078762054,
        "thalach": 0.3997800052165985,
        "chol": 0.3697481453418731,
        "age": 0.3678039014339447,
        "exang": 0.2375280261039734,
        "trestbps": 0.2030590921640396,
        "restecg": 0.1641351282596588,
        "fbs": 0.0369331575930118
      },
      "shap_values": {
        "age": -0.5405141115188599,
        "sex": -0.3165624141693115,
        "cp": -1.4118921756744385,
        "trestbps": -0.2455757111310959,
        "chol": 0.10089637339115143,
        "fbs": 0.09090979397296906,
        "restecg": -0.21145625412464142,
        "thalach": -0.06761341542005539,
        "exang": 0.17779478430747986,
        "oldpeak": -0.7312101721763611,
        "slope": -0.35735008120536804,
        "ca": -1.9984701871871948,
        "thal": 0.356357216835022
      }
    }
  }
}