{
  "patient_id": "P0000",
  "demographics": {
    "age": 65,
    "sex": "Male"
  },
  "clinical_features": {
    "chest_pain_type": "typical angina",
    "resting_blood_pressure": 110,
    "serum_cholesterol": 248,
    "fasting_blood_sugar": "Normal (\u2264120 mg/dl)",
    "resting_ecg": "normal",
    "max_heart_rate": 158,
    "exercise_induced_angina": "No",
    "st_depression": 0.6,
    "st_slope": "downsloping",
    "number_of_vessels": 2,
    "thalassemia": "normal"
  },
  "predictions": {
    "random_forest": {
      "prediction": "Low CVD Risk",
      "confidence": 0.96,
      "feature_importance": {
        "cp": 0.1114716185105107,
        "ca": 0.1052038826572582,
        "thal": 0.0764242596500316,
        "oldpeak": 0.0742755705127104,
        "thalach": 0.0530285090229222,
        "slope": 0.0485862525765085,
        "exang": 0.0466167971639692,
        "sex": 0.0391403608591059,
        "age": 0.0338064773490959,
        "chol": 0.0246428628290081,
        "trestbps": 0.0195503662345742,
        "restecg": 0.0145266924836565,
        "fbs": 0.0030894689308913
      },
      "shap_values": {
        "age": -0.05250893822144362,
        "sex": -0.06765920425243711,
        "cp": -0.15334040230617546,
        "trestbps": -0.01156023848029179,
        "chol": -0.016567409819446363,
        "fbs": -0.0008433808613825857,
        "restecg": -0.033039820036964346,
        "thalach": -0.005124224621460856,
        "exang": 0.024223280280935622,
        "oldpeak": 0.033209873521116665,
        "slope": 0.022069458629532884,
        "ca": -0.21172423999939832,
        "thal": 0.014748157559820512
      }
    },
    "xgboost": {
      "prediction": "Low CVD Risk",
      "confidence": 0.9796721935272217,
      "feature_importance": {
        "cp": 1.2563490867614746,
        "ca": 1.1869956254959106,
        "oldpeak": 0.8887993693351746,
        "thal": 0.788020670413971,
        "sex": 0.494342565536499,
        "slope": 0.4309512078762054,
        "thalach": 0.3997800052165985,
        "chol": 0.3697481453418731,
        "age": 0.3678039014339447,
        "exang": 0.2375280261039734,
        "trestbps": 0.2030590921640396,
        "restecg": 0.1641351282596588,
        "fbs": 0.0369331575930118
      },
      "shap_values": {
        "age": 0.06020328402519226,
        "sex": -0.5579128861427307,
        "cp": -1.4194492101669312,
        "trestbps": 0.06637721508741379,
        "chol": -0.31890612840652466,
        "fbs": -0.013455250300467014,
        "restecg": -0.31960076093673706,
        "thalach": -0.22749002277851105,
        "exang": 0.10328773409128189,
        "oldpeak": 0.4446203112602234,
        "slope": 0.26892346143722534,
        "ca": -2.2105712890625,
        "thal": 0.26287129521369934
      }
    }
  }
}